{
  "estudantes": [
    {
      "nome": "Henrique",
      "n1": 7,
      "n2": 7,
      "n3": 7,
      "id": "1"
    },
    {
      "nome": "João",
      "n1": 8,
      "n2": 9,
      "n3": 10,
      "id": "2"
    },
    {
      "id": "1c1e",
      "nome": "Joze",
      "n1": 9,
      "n2": 8,
      "n3": 1
    },
    {
      "id": "987e",
      "nome": "Kleber",
      "n1": 9,
      "n2": 8,
      "n3": 1
    },
    {
      "id": "0764",
      "nome": "Cleyton",
      "n1": 8,
      "n2": 8,
      "n3": 1
    },
    {
      "id": "af1d",
      "nome": "Pablo",
      "n1": 1,
      "n2": 1,
      "n3": 0
    }
  ]
}